ID,Pred
1,0.2848333499522277
2,0.8384621710742627
3,0.8615037450677788
4,0.2895068150779117
5,0.5216329264343784
6,0.626245407919093
7,0.4254355950066838
8,0.21437229417044382
9,0.17216149414821083
10,0.4521354101542606
11,0.14257177160882792
12,0.9081430040963978
13,0.4173774794184033
14,0.2553911536658212
15,0.09660233941196818
16,0.16625217555986974
17,0.5336713992379339
18,0.0987529102672992
19,0.10866364415132415
20,0.06306269876095398
21,0.6158867877687029
22,0.9677443769052081
23,0.9548962860627812
24,0.2733558981579592
25,0.15882684899427638
26,0.35206821787146997
27,0.3747856159246097
28,0.16848049611440005
29,0.8892368234195048
30,0.19576150863212496
31,0.7579865647298596
32,0.9091890284642623
33,0.6287565005917847
34,0.3949977987916493
35,0.8757963253639209
36,0.7983060197981542
37,0.3852181177150567
38,0.8479390360042919
39,0.5319173514808605
40,0.8987860388260849
41,0.5920273582343422
42,0.9612746119351316
43,0.5723756270327887
44,0.15112626508126492
45,0.4958734931759314
46,0.43150174097128363
47,0.18243546711114084
48,0.8986185278125481
49,0.9775661641805893
50,0.3851546835987339
51,0.1771868511248366
52,0.12911508300101923
53,0.45113178274250326
54,0.4974735581447151
55,0.316461911777243
56,0.07620154791656286
57,0.4718629433331405
58,0.671323369019275
59,0.8601049968292599
60,0.9789585693241853
61,0.1622709877345345
62,0.9772898527224583
63,0.7167037818908375
64,0.13726093880822557
65,0.37612828859374736
66,0.4864155612241485
67,0.5180059648018803
68,0.8262244128685629
69,0.4303361833633067
70,0.5836752819363564
71,0.019273429575660205
72,0.20724799545036512
73,0.5425953842228595
74,0.6505134382887002
75,0.9616406770637569
76,0.7002109715325544
77,0.7719222784109422
78,0.05849522577655876
79,0.594316722084561
80,0.8959411635899336
81,0.05047452101916126
82,0.5055666344416567
83,0.13695920011934612
84,0.8309661007315254
85,0.5165104271098603
86,0.549380799143805
87,0.3045040510762525
88,0.23038071598937673
89,0.9685829758373764
90,0.7793003137126359
91,0.22296449635086973
92,0.48100496418247846
93,0.3645839171290595
94,0.3783664496976334
95,0.8718816093870102
96,0.6899031034420445
97,0.7097176921760844
98,0.5619864843393256
99,0.6258273634290945
100,0.954099129741588
101,0.36789755961214693
102,0.4157578495574544
103,0.5433518232303777
104,0.7216458770657466
105,0.6668875220179191
106,0.6985749162701488
107,0.8651478955688827
108,0.301557435316537
109,0.9907496466428333
110,0.8706432901624949
111,0.7362368447360669
112,0.27842273086432484
113,0.2654835105269719
114,0.47244300472365175
115,0.37660568053608423
116,0.5028548638692732
117,0.986476937515564
118,0.23618215608187518
119,0.5397118427633705
120,0.9067961240750482
121,0.08224309627437634
122,0.2285890437228322
123,0.12388178841310528
124,0.7865744405688226
125,0.21035262005242855
126,0.9819922411355712
127,0.41291614690735123
128,0.30500633486254086
129,0.07917665536773479
130,0.4830939069444784
131,0.9368231447195534
132,0.3370309867231365
133,0.16732810460850484
134,0.08488243635639872
135,0.43759033877595266
136,0.2920179662011061
137,0.13966425626304155
138,0.1456626085226049
139,0.7349163853594489
140,0.7146563397497863
141,0.8830734830688399
142,0.6738665374650159
143,0.5622054325441304
144,0.24685244513670668
145,0.47244300472365175
146,0.6124985817181466
147,0.3690108598555228
148,0.5103769316050489
149,0.5844624325092036
150,0.23802849000809648
151,0.9434320834550985
152,0.5611152199355737
153,0.5093514427738268
154,0.3504492679610101
155,0.0737247942280447
156,0.9885224258472699
157,0.47244300472365175
158,0.3958237680930382
159,0.7907896502158805
160,0.9792385668115285
161,0.3584166733676037
162,0.8384354940094317
163,0.9733122067820592
164,0.7960674900727951
165,0.3516628961424814
166,0.3685360839143632
167,0.09132593239688025
168,0.7878429494004886
169,0.9551297079702359
170,0.2042727189134652
171,0.6191051262560315
172,0.7510654892425082
173,0.500576920555983
174,0.6761251184274931
175,0.35079504236098824
176,0.42592022113262595
177,0.6157022602098307
178,0.29014869612200767
179,0.8884217449562632
180,0.7435502171810081
181,0.23816785450081485
182,0.5489785243268619
183,0.08975048043418538
184,0.8054145006996698
185,0.47244300472365175
186,0.18034719861187662
187,0.7968441637163132
188,0.7871532649817531
189,0.5885329451256391
190,0.6990422875722737
191,0.9738701160598381
192,0.5890369560556091
193,0.8973740913321832
194,0.6030352050674509
195,0.6192478983084893
196,0.23121681643714814
197,0.9701213135125383
198,0.3421695774271743
199,0.7850285282464915
200,0.23487353658993215
201,0.13279861509073826
202,0.7648452255974502
203,0.8519417970882032
204,0.9642281220757747
205,0.028853903422155856
206,0.9791661078594555
207,0.9235065211157083
208,0.12262128557464556
209,0.9786485110225321
210,0.14094357980467093
211,0.6766976111750945
212,0.6075585680838981
213,0.03777718375699238
214,0.740480893222933
215,0.7183895030261221
216,0.3928476350878158
217,0.8737621376644774
218,0.2792632143857896
219,0.059431110297756336
220,0.29599119306928
221,0.4626681332197741
222,0.17029900472824974
223,0.24318909655399756
224,0.17733479214328576
225,0.9147740760603762
226,0.21291011595419393
227,0.46032139515609355
228,0.11761009189348463
229,0.7346765850356789
230,0.46903287093879803
231,0.2320213425392546
232,0.6780999817899872
233,0.22406972986498636
234,0.4885748198660316
235,0.12748200207968852
236,0.655594754335379
237,0.8619681610351108
238,0.5736747917974919
239,0.30083898506243206
240,0.6319587054938159
241,0.6104780421580556
242,0.9635488937383101
243,0.8098308445539092
244,0.8036471944621668
245,0.18501338272398613
246,0.751763867064127
247,0.888231104325738
248,0.7863301333592619
249,0.7927692512443346
250,0.8843460529767226
251,0.5217060222682585
252,0.5017183748960272
253,0.3599771381496277
254,0.8647287776533703
255,0.7527224392122795
256,0.5357991687524974
257,0.8353129356986894
258,0.8746579663290003
259,0.4556474357254184
260,0.17928433514522563
261,0.4379554411467233
262,0.3204382919217448
263,0.9475124294662373
264,0.39980113821299146
265,0.2819422987908127
266,0.9049984615486022
267,0.04868419936230496
268,0.18434320481572278
269,0.2086364933167987
270,0.8467895150501688
271,0.5631884426796125
272,0.07881572936266364
273,0.7510745545882546
274,0.3443401215224453
275,0.8638064374381332
276,0.18604730624018032
277,0.659566448235972
278,0.844216741068848
279,0.3134781501961157
280,0.23878309055774016
281,0.9637722913479403
282,0.3054522617719598
283,0.8456232774821729
284,0.2763209085136912
285,0.8859759889118948
286,0.9053682849019531
287,0.3741250425190135
288,0.9382848498484616
289,0.14753943486516996
290,0.878498384410782
291,0.6699534348388124
292,0.3490015720565813
293,0.029201485029314057
294,0.5524700429323746
295,0.7273751310529571
296,0.19385660515890962
297,0.21409621661153944
298,0.847735068035671
299,0.15184826054641978
300,0.34218424796815017
301,0.8623408673429661
302,0.9203138495538127
303,0.7982640184519987
304,0.8567954981195587
305,0.14684186474367875
306,0.6119855484972914
307,0.9139409206124517
308,0.601355876797089
309,0.09190456434825676
310,0.8208046800686741
311,0.6215351646653913
312,0.23451174524055357
313,0.38215042059952714
314,0.9229492558617788
315,0.2900441278036734
316,0.054859456475022016
317,0.2575346644581543
318,0.7378032191707868
319,0.608304419505876
320,0.2951080762862194
321,0.9094695230019328
322,0.1846595374168371
323,0.36922385326894874
324,0.9657880715393001
325,0.5395795554505188
326,0.436235399313799
327,0.8318571487742148
328,0.6893266975152695
329,0.1653398866790194
330,0.7364312215245641
331,0.4696983441062524
332,0.7610726774788541
333,0.4116670263027473
334,0.992195536992673
335,0.8891183140594047
336,0.5673059996611529
337,0.764169022875842
338,0.9215962613450382
339,0.39965629258253543
340,0.18740017645289408
341,0.8729887568938118
342,0.6251854320734695
343,0.3888173272097556
344,0.58966688216936
345,0.31246966468141113
346,0.21099571969010028
347,0.49666302268100854
348,0.27738823967987475
349,0.9432727330986651
350,0.7158597092954612
351,0.4210003023133234
352,0.24490177534060814
353,0.7290472789051151
354,0.47772075293999816
355,0.5942542021049855
356,0.4791363773507615
357,0.39716597301798273
358,0.8864103031459286
359,0.0855803132023476
360,0.6480252193598407
361,0.7686802344396579
362,0.26546343492157326
363,0.5932006504001203
364,0.4873286068003795
365,0.4235381258469671
366,0.9071144590045048
367,0.38518359206098024
368,0.40005852421960236
369,0.7691686670708084
370,0.07841804914201667
371,0.9134491166881766
372,0.40115693494061083
373,0.05836161751512932
374,0.7923921068626744
375,0.36685961654295807
376,0.9084191804026539
377,0.045767988687717
378,0.1269147185646661
379,0.6747405589615192
380,0.9788620814021475
381,0.7217846154206135
382,0.6605561293868427
383,0.27782020313906597
384,0.13411554636421033
385,0.5375305605056926
386,0.9237535983737274
387,0.6390820879710508
388,0.7589808887849511
389,0.4997026128199556
390,0.16961329006474438
391,0.17409697011888456
392,0.23752992342098725
393,0.3868025924931177
394,0.08413015061979072
395,0.1824218361173677
396,0.22700964645069976
397,0.9342747823421399
398,0.8642390049060931
399,0.6498400891844422
400,0.15102771723275396
401,0.9436306792295445
402,0.8721184627242894
403,0.011835798546160153
404,0.9748091282372887
405,0.22495124756820392
406,0.31025283429882006
407,0.2531858791062749
408,0.9533250034615086
409,0.779793009176411
410,0.6031241512429701
411,0.8824380427104671
412,0.9648313330562517
413,0.055080814218178675
414,0.564216475560941
415,0.20062042726373333
416,0.19144530775935317
417,0.792067230876099
418,0.8110566305159969
419,0.9797040123386905
420,0.44658645710297284
421,0.4961524179488504
422,0.7823576052968206
423,0.14818082791997933
424,0.5085209202410903
425,0.3229072255124751
426,0.7661708861707974
427,0.9212636896130771
428,0.02899808096879792
429,0.0470450970909261
430,0.9047279572755196
431,0.39906115081204596
432,0.3386884301128291
433,0.10716477701482072
434,0.8124613581952156
435,0.6724232215859959
436,0.8674635795261908
437,0.5142999645968851
438,0.029053112389264907
439,0.3322358254130053
440,0.45685578269117166
441,0.7151010962284424
442,0.36441691138999843
443,0.018552510392457908
444,0.24305949833669852
445,0.7563059252178836
446,0.1743982976801706
447,0.894096899903674
448,0.026519995199692874
449,0.13334598783762536
450,0.6236091663525041
451,0.3497352696868496
452,0.43469758559269334
453,0.9321084568239487
454,0.3975473514394399
455,0.8479977223334082
456,0.5104849497214191
457,0.629139909966724
458,0.08641665171891297
459,0.7243078747833893
460,0.20915024109644573
461,0.17451922632743322
462,0.5000249162452698
463,0.7493656308702497
464,0.848796580037204
465,0.6240703534497796
466,0.06250803142376576
467,0.5670741464804012
468,0.033932339717988924
469,0.6658466037468898
470,0.3531477038830648
471,0.9661313918035029
472,0.36510387375679326
473,0.6457470779335488
474,0.6949060038512949
475,0.23039168237728566
476,0.6021842209567353
477,0.4858925094327568
478,0.35228609362101804
479,0.5434173294643251
480,0.9092049914405288
481,0.5086690525998435
482,0.23990401054952012
483,0.13710742157421282
484,0.5931757904674396
485,0.7598871849985804
486,0.3118290660207684
487,0.20067236677952843
488,0.1180112717497764
489,0.30788518868201964
490,0.8572699723209567
491,0.8045508966143541
492,0.10456317482672747
493,0.9222141889042629
494,0.3456387363247984
495,0.5728576938061652
496,0.9697170448673393
497,0.9790788398273652
498,0.18516695340192388
499,0.5735450347703869
500,0.940687083170869
501,0.08662391056779224
502,0.988282837095728
503,0.3091569775823147
504,0.5693005028159034
505,0.38908730739621267
506,0.04582899364939852
507,0.8102131085974154
508,0.9785351642056909
509,0.32545934048881714
510,0.08910367209354804
511,0.8378869030767921
512,0.6630720722352793
513,0.9770811209639246
514,0.17428979527324615
515,0.779895095368035
516,0.46057323711251585
517,0.09363454001083742
518,0.38817230322189944
519,0.8865323989714228
520,0.9597766607834427
521,0.6503671118395902
522,0.2701958269288964
523,0.43879184346357397
524,0.37120266183341
525,0.28660988314485786
526,0.03609090416809518
527,0.5123374809514029
528,0.4412374648412593
529,0.9485095427009629
530,0.2088935605298392
531,0.8573419344822665
532,0.8738530760957383
533,0.156655838281689
534,0.35953228037219365
535,0.8500115633354969
536,0.2340020058965408
537,0.8745330795686362
538,0.20080146981396996
539,0.04687401044614168
540,0.4263998205408702
541,0.09572458888395355
542,0.10306906261905395
543,0.607856144217803
544,0.7330319035988985
545,0.6765686131020264
546,0.41035046132666303
547,0.7074461659940371
548,0.7507964512558251
549,0.9888781496769081
550,0.30482869575435345
551,0.7929749586187045
552,0.264305174194962
553,0.6260836180802937
554,0.09076106588717903
555,0.8045702989481567
556,0.5689658322316488
557,0.8378437966250574
558,0.5107403902631247
559,0.9847983256788013
560,0.0606016887857952
561,0.9790256680064927
562,0.3717019131559751
563,0.6897607547612062
564,0.4052135235263297
565,0.8095769795496459
566,0.5822591636429967
567,0.7795654810571447
568,0.444968223082114
569,0.5714703321506212
570,0.2167277041243004
571,0.7733877089438479
572,0.5314882317520466
573,0.5570795730470067
574,0.7002019748815579
575,0.7095245496983535
576,0.6397796083585455
577,0.8480377436897333
578,0.8148608933866553
579,0.8146468516862422
580,0.9081988364127289
581,0.2514244431011056
582,0.10697247292477909
583,0.6496071091434276
584,0.11421551299229595
585,0.07831755994467744
586,0.8547991315358953
587,0.20826513817444195
588,0.5025104974078627
589,0.7984717569988941
590,0.8222237557205
591,0.3758242705595059
592,0.7939877325238895
593,0.5571767876778475
594,0.44578579832582105
595,0.8708705302668106
596,0.8843893563363463
597,0.7842387345027921
598,0.08326805525740645
599,0.8617468106315419
600,0.7895486349089323
601,0.4336125785396312
602,0.9683126123078768
603,0.6161287328413577
604,0.6926675894395475
605,0.9409882322074891
606,0.16440467623609534
607,0.14171411727768918
608,0.11451013136046147
609,0.8968631578682773
610,0.9862781505263211
611,0.5458705092671733
612,0.22794461958846884
613,0.15114953885522578
614,0.6988933968652875
615,0.13268865112985387
616,0.8575882176296511
617,0.6492719089015803
618,0.12792153649705362
619,0.40878691626561026
620,0.514709813119074
621,0.6609544101120148
622,0.24905172025895386
623,0.9143417064574935
624,0.15849949440076427
625,0.9773255455019472
626,0.8158021355821524
627,0.7245511666026516
628,0.31553999535562155
629,0.01628064612136748
630,0.1879181471933005
631,0.014762488992420743
632,0.8098625639341661
633,0.6835317109632237
634,0.7958576795923551
635,0.6273917271591873
636,0.9515435076390608
637,0.5019720638140397
638,0.12875416867780473
639,0.5570187047497297
640,0.9628002678856892
641,0.6966820670424018
642,0.28227555147239336
643,0.4514478548090659
644,0.4722095106354004
645,0.9114940362208381
646,0.3431097862880938
647,0.6408163879910754
648,0.6433219327245077
649,0.24564184258408625
650,0.6315960671467911
651,0.3112485280883469
652,0.8251560617883752
653,0.01652708945934381
654,0.9045619242370612
655,0.22944773793179954
656,0.06447970643053673
657,0.9057503437163363
658,0.6438952804276706
659,0.37182431772879654
660,0.8332826760599223
661,0.7737850569328881
662,0.43865603912274587
663,0.16990356107497287
664,0.33434446480974367
665,0.9545528503095021
666,0.30054633188262453
667,0.3057272091614811
668,0.8564408734019674
669,0.8398835272391323
670,0.9533918334278852
671,0.9081527874642579
672,0.9486727609393008
673,0.35795628405684093
674,0.834775169393997
675,0.34510050796791064
676,0.1912521327696375
677,0.038306761621273396
678,0.9788519284317301
679,0.704681717602185
680,0.23595490440145647
681,0.5583760292514173
682,0.9845031352838288
683,0.7374779077359095
684,0.2700511859894068
685,0.21077076171432377
686,0.11312060255791823
687,0.24728479300201509
688,0.5025150206410898
689,0.6511722624328719
690,0.053931705752367665
691,0.28511795265829704
692,0.25643173903970273
693,0.7501970998236954
694,0.15474582338617737
695,0.14370156498527517
696,0.14878185396027782
697,0.7482435269579343
698,0.9553680596192281
699,0.9777763955527059
700,0.19886383578421377
701,0.03280927396926861
702,0.5107427239355515
703,0.21615229572799632
704,0.812087652754567
705,0.8802580395334494
706,0.09054357378432679
707,0.2275967709910907
708,0.3203964952645833
709,0.9496334508108325
710,0.2518449923817863
711,0.3090435344962398
712,0.6974449810434046
713,0.9257024243554779
714,0.3545314353321656
715,0.8453698507901986
716,0.25743623243994074
717,0.7962328645886789
718,0.6084209299952659
719,0.4364694229571462
720,0.9661836284683748
721,0.9490966496007863
722,0.5837958708826892
723,0.2446603553759976
724,0.3405631585203461
725,0.11858756214493582
726,0.9936900146316193
727,0.6591415287577108
728,0.6754034527470412
729,0.8423963202694411
730,0.8932080330613685
731,0.44044252059359756
732,0.9405628448863891
733,0.5800128260553665
734,0.5133695599286081
735,0.918457736222985
736,0.5077079542542049
737,0.9328671025410127
738,0.47244300472365175
739,0.8432384793250318
740,0.9064162800322342
741,0.13277266433277676
742,0.82164073960098
743,0.08096063460462896
744,0.1755777449068926
745,0.8338548682981115
746,0.9697170448673393
747,0.2774751764015105
748,0.951696859260738
749,0.1391943644640512
750,0.979847130256914
751,0.5934107946945478
752,0.7872658332321126
753,0.4712402261114332
754,0.14509030791876024
755,0.9628168730900627
756,0.7994231864612797
757,0.988479501773832
758,0.10136805109537239
759,0.20144672149021198
760,0.21681826084987352
761,0.0887240654732966
762,0.18928649768380856
763,0.8501364000622976
764,0.624965558867628
765,0.378701155548425
766,0.3145976865764955
767,0.21578407521122345
768,0.5536033412491883
769,0.8620428388838739
770,0.5447569902628702
771,0.3871018552109833
772,0.07108581107634286
773,0.8615344128829274
774,0.8339383658582625
775,0.9068388893306978
776,0.8863175847132913
777,0.9810492398667491
778,0.8675139644522323
779,0.026325255102293273
780,0.3477518528545598
781,0.8514332543258075
782,0.9308908277851958
783,0.5546377273284905
784,0.28737140486685564
785,0.3119753511697273
786,0.02033710997072912
787,0.8825884754470957
788,0.8226896984145522
789,0.4278629266430565
790,0.6801986077330817
791,0.09794796726116912
792,0.23845027534697258
793,0.9588430808881242
794,0.7157381635672596
795,0.8369945931780869
796,0.6256900027747112
797,0.8459990904056929
798,0.27636620584229626
799,0.908216834672369
800,0.25327372237076723
801,0.47917302080786284
802,0.4627946495145475
803,0.6863923597159769
804,0.05828222013992453
805,0.706352515704499
806,0.7479893982472355
807,0.47244300472365175
808,0.6564050710412167
809,0.5552037787616009
810,0.9404439568309358
811,0.4867575782605582
812,0.33526344192382174
813,0.15558443357229532
814,0.25120420281393036
815,0.8540257038997309
816,0.8502397972112365
817,0.37146127134992957
818,0.5432843954915352
819,0.15943662821599897
820,0.5909051360782898
821,0.4155169760919846
822,0.23561080889185398
823,0.6236019733246767
824,0.49589248764612776
825,0.18275177283394164
826,0.6856939658452161
827,0.6736261638301733
828,0.6010341708804524
829,0.8752525091645122
830,0.34640570371980234
831,0.9535839800838524
832,0.800814169544251
833,0.9230324904195375
834,0.8867227507064905
835,0.6733632548089722
836,0.667331403664588
837,0.274738946642484
838,0.23834743320259696
839,0.5309392652155428
840,0.7766253607624934
841,0.8722333670434428
842,0.018552510392457908
843,0.7366350789284036
844,0.21943191488830494
845,0.744918735168223
846,0.5871920641747393
847,0.11494243285424555
848,0.15924515804009554
849,0.6866440779986008
850,0.9524435386053324
851,0.9177840817883408
852,0.10158310866446588
853,0.9695383419678301
854,0.9927874579418932
855,0.5734864601417786
856,0.3285501454759139
857,0.8900420576238613
858,0.34455748529625096
859,0.6779200050939687
860,0.36370952036231985
861,0.6652239639250815
862,0.5594528385972485
863,0.07670842237430371
864,0.26163843340963383
865,0.7417761744916427
866,0.06010523495390395
867,0.768101601092066
868,0.1560029828349653
869,0.8023752688166373
870,0.9276277936989686
871,0.7379745898084349
872,0.9856363633290887
873,0.8031833152796785
874,0.961441596847352
875,0.05485766173494357
876,0.19270285853657088
877,0.35951077845673646
878,0.9897295195156185
879,0.4325635898181282
880,0.6421400187671226
881,0.07325982938066433
882,0.408660214414414
883,0.8008563614118577
884,0.3532110987415544
885,0.2069758009801316
886,0.8732270127191386
887,0.6802442387615947
888,0.5348236283144091
889,0.993373916710458
890,0.5309465274336853
891,0.31584203472452577
892,0.6007035288854757
893,0.21433101481601538
894,0.923316958232288
895,0.20662153444737208
896,0.13978405840690272
897,0.04203917984212151
898,0.712031070128484
899,0.7926225473238933
900,0.8476612012826988
901,0.8914332592802693
902,0.14685958398806356
903,0.3043941214515791
904,0.8550598176509897
905,0.690138355678617
906,0.325189000688272
907,0.5289763751872548
908,0.5150994917431505
909,0.820059736846388
910,0.5828821108954456
911,0.21404300220498448
912,0.06697550604099962
913,0.5803096442996983
914,0.5257026463504257
915,0.28726474832759524
916,0.9341755400892481
917,0.17363298368307326
918,0.7416521576324794
919,0.9782527088387355
920,0.8162047528445872
921,0.7992349955748764
922,0.3395856243924463
923,0.29309424420581554
924,0.06979665697678862
925,0.8936892985851703
926,0.2020257858181986
927,0.5710504068454865
928,0.39717417782885694
929,0.6207280453439488
930,0.823553036379353
931,0.11321311572425177
932,0.043598477572396155
933,0.3686039926825384
934,0.8996398715457993
935,0.7686453326007293
936,0.16282029944406523
937,0.7921887548844777
938,0.08902881431254345
939,0.5212396813158354
940,0.2514540764912419
941,0.9802432366039445
942,0.12352285821623782
943,0.30186186359380696
944,0.9937906662771127
945,0.9695361074290144
946,0.5889310357090191
947,0.5875765803244
948,0.06269692745164127
949,0.3721219559591212
950,0.7038989701687243
951,0.10511175737498944
952,0.39899359146594887
953,0.24276649817577622
954,0.8141146610925962
955,0.04712137946179737
956,0.9387684401641482
957,0.4538013682369717
958,0.23969160269285172
959,0.2707991116153433
960,0.06893757655003475
961,0.8589541290670965
962,0.1518549519156361
963,0.37088186477806806
964,0.9002520201192313
965,0.4158281924166461
966,0.4012766456836137
967,0.8962914635506078
968,0.7147042410271052
969,0.9939102964260632
970,0.8600786403221701
971,0.5269399140300877
972,0.9414918317962494
973,0.9070609952621372
974,0.8422017884554389
975,0.8725460538108167
976,0.7553040919622157
977,0.8241358328536647
978,0.5600467310494747
979,0.6898761794516937
980,0.9034049172379649
981,0.2257359773509691
982,0.1718646113852578
983,0.39828447698879077
984,0.49675982469990404
985,0.06828717298443414
986,0.16071565309738628
987,0.9601659016266776
988,0.8311228022553109
989,0.33235668891535386
990,0.23807946748465195
991,0.9388521470425072
992,0.7942545439947862
993,0.5411645208012384
994,0.07136380628665828
995,0.5698572755509816
996,0.8121115591180852
997,0.9492958772106058
998,0.07854787832390006
999,0.5540056713914142
1000,0.9617693699595117
1001,0.9562972609940539
1002,0.9659875588194811
1003,0.795570942362915
1004,0.5184227700462503
1005,0.16547626907178334
1006,0.9367150167323436
1007,0.7958996469115595
1008,0.758356580165787
1009,0.35853367678371784
1010,0.457604241629429
1011,0.34702347389530896
1012,0.4900468091315591
1013,0.3923572807283264
1014,0.41670608976743595
1015,0.8130995994698578
1016,0.6000847260315672
1017,0.10100607574031223
1018,0.7666402192587205
1019,0.9476205913165865
1020,0.9509776108491996
1021,0.47244300472365175
1022,0.20204221125365493
1023,0.1231903762331573
1024,0.9693543499929792
1025,0.8483044567110988
1026,0.6577137117917243
1027,0.11585606586512177
1028,0.30877243539095267
1029,0.5435662664306439
1030,0.5664163157694714
1031,0.9353547999677241
1032,0.14429325109748423
1033,0.8947990666388588
1034,0.20584876225261053
1035,0.8661132308809515
1036,0.16202390162418026
1037,0.27452745171464377
1038,0.9193729975439348
1039,0.47244300472365175
1040,0.3047164609654753
1041,0.8945007575295759
1042,0.36333884202879024
1043,0.13897379338602472
1044,0.9250577364491391
1045,0.7499208436171408
1046,0.08723246689126583
1047,0.8212255387231342
1048,0.47244300472365175
1049,0.18607085184170272
1050,0.16240082829139446
1051,0.7494593460352859
1052,0.9780172774352147
1053,0.878622453979617
1054,0.2630667678047787
1055,0.5768646506201286
1056,0.857455260831122
1057,0.18355718940416965
1058,0.3809726983337778
1059,0.8428828837311746
1060,0.06483161446440229
1061,0.0887729776289621
1062,0.46819982389238535
1063,0.9352053057060319
1064,0.17356553264277652
1065,0.3051010130994539
1066,0.7458095838423962
1067,0.16943228399531968
1068,0.68418637988627
1069,0.8867567451422854
1070,0.48715358741169906
1071,0.3435588461472531
1072,0.283752696196885
1073,0.1854608007463373
1074,0.1974112914603832
1075,0.6709792651031106
1076,0.7620318517564643
1077,0.2107984280726961
1078,0.5790662010108786
1079,0.8347737868240012
1080,0.7773187099621965
1081,0.48452816205353044
1082,0.22670829094300685
1083,0.3487232462157792
1084,0.9573041444881982
1085,0.5812082673929089
1086,0.8517655120939231
1087,0.947374010724137
1088,0.939126529495316
1089,0.283764321367055
1090,0.6417931055680844
1091,0.6676241952641064
1092,0.5329386920038851
1093,0.39134174128300475
1094,0.2930031783160192
1095,0.77876560279765
1096,0.6930746602787328
1097,0.90690272815242
1098,0.9869158124498632
1099,0.8347773384459319
1100,0.403006487044314
1101,0.846757959952978
1102,0.8833811564182315
1103,0.9464326131964078
1104,0.15183744049746462
1105,0.7295237241900571
1106,0.8415498608553152
1107,0.15569606085064028
1108,0.20058998052502916
1109,0.24778072305058388
1110,0.9150294459614883
1111,0.8131736481188516
1112,0.7311149961408504
1113,0.3278564588332279
1114,0.7544397708229783
1115,0.4597450737517532
1116,0.3923661621860192
1117,0.6755441416298505
1118,0.5579311471058145
1119,0.04694358399445146
1120,0.8952769740488555
1121,0.4012485864420361
1122,0.8058999784039743
1123,0.7897678755328208
1124,0.8382719203872949
1125,0.34226359864554423
1126,0.1483264611986841
1127,0.06140500385477173
1128,0.21251173372442037
1129,0.935544583366807
1130,0.6175345582380494
1131,0.9846265655617437
1132,0.6328909273201511
1133,0.43033017115720185
1134,0.08926488303715122
1135,0.8222776732109719
1136,0.8727416196123564
1137,0.314561416147667
1138,0.18467367235878024
1139,0.727382925710945
1140,0.5421781826347302
1141,0.28708926957670106
1142,0.3779162132813797
1143,0.19038549362573412
1144,0.1629659221458091
1145,0.2957029944917739
1146,0.6566281732421421
1147,0.08637201476006873
1148,0.7788183163752155
1149,0.5551650247506572
1150,0.4344990542676561
1151,0.19731387529998812
1152,0.5712245313952831
1153,0.40609128983082715
1154,0.4981477904973197
1155,0.9395022370058891
1156,0.25576718646316615
1157,0.9060940303210542
1158,0.05928051675502936
1159,0.6096099173152916
1160,0.9524874413394343
1161,0.2501861136417168
1162,0.4106837899765242
1163,0.8427829176128079
1164,0.9068149163906227
1165,0.44860805488043376
1166,0.9650272996834649
1167,0.5618327640334604
1168,0.47244300472365175
1169,0.8814374139264199
1170,0.8068512106539624
1171,0.15755377502857837
1172,0.6452749277274294
1173,0.6165338571418774
1174,0.77886031134695
1175,0.21147631019170957
1176,0.9873295921805199
1177,0.9801966872804297
1178,0.9568015653314674
1179,0.7186167815207052
1180,0.6125686945629987
1181,0.7166635555867128
1182,0.7725140997752099
1183,0.4233748635037344
1184,0.04168012747584398
1185,0.852451992172368
1186,0.43174805921043136
1187,0.9478199021576321
1188,0.993373916710458
1189,0.9658981801137934
1190,0.41605796930056466
1191,0.31851217257754805
1192,0.44107543284591666
1193,0.7450396685943442
1194,0.4481425571116648
1195,0.8383311344735511
1196,0.9731486046447413
1197,0.051762740094681646
1198,0.9284274801779894
1199,0.17883027320968403
1200,0.17822131116766615
1201,0.03583367937487507
1202,0.0575759782454808
1203,0.6305090850147497
1204,0.5282298723846718
1205,0.9131760632046763
1206,0.9718246521829719
1207,0.6499761360577344
1208,0.4412444799103127
1209,0.8288041841417767
1210,0.9146473510362187
1211,0.3298856230651381
1212,0.9223473955390495
1213,0.55030478850274
1214,0.4070382403554634
1215,0.3086776230812467
1216,0.057607686084983546
1217,0.9200059326876838
1218,0.3700098127539958
1219,0.6634301225239556
1220,0.8888137486261244
1221,0.3435869412314311
1222,0.6837931688843489
1223,0.8960626180754442
1224,0.943804611821429
1225,0.6452488418582077
1226,0.27142321752335813
1227,0.772334872787658
1228,0.5039228783215526
1229,0.854730940323693
1230,0.31803692158644703
1231,0.6420880140588895
1232,0.6541747322675896
1233,0.43899339460988457
1234,0.5868769211393815
1235,0.14910596577113228
1236,0.661058849661277
1237,0.7023979516434385
1238,0.8358379846166586
1239,0.05911845781665837
1240,0.13542167007595424
1241,0.6525818610898689
1242,0.9342747823421399
1243,0.6754522547590737
1244,0.6581661774993453
1245,0.21119388203155937
1246,0.05813140589733539
1247,0.28407609683954965
1248,0.8163094116728464
1249,0.8901229951513537
1250,0.04967215413429071
1251,0.8028949772572002
1252,0.9396456074349464
1253,0.17084899543128984
1254,0.8895918926809947
1255,0.39917923099674685
1256,0.2263734555039403
1257,0.17404038588401283
1258,0.6025102799053506
1259,0.12574730258231528
1260,0.8591636324010588
1261,0.8006813578666466
1262,0.09887993220879243
1263,0.7384181143808339
1264,0.9601157904794337
1265,0.33059502699676296
1266,0.9878734406043952
1267,0.8725259416873814
1268,0.17541121159364848
1269,0.8212444358589934
1270,0.0059047818603042415
1271,0.42946095323267997
1272,0.30840533982924057
1273,0.12346510730989736
1274,0.2049035561511752
1275,0.09068783205604962
1276,0.7438802803462913
1277,0.6077385861581326
1278,0.13686129934009914
1279,0.04615149003808586
1280,0.8130995994698578
1281,0.9191924969682899
1282,0.9826424568567859
1283,0.04046645227475044
1284,0.2264796016416128
1285,0.9472643404586834
1286,0.9351929090733967
1287,0.6104934536506592
1288,0.6256442292415219
1289,0.6564506799202272
1290,0.36655463895225265
1291,0.9682861123719072
1292,0.7028720184308827
1293,0.28416575800272353
1294,0.6279483536481257
1295,0.6667397788882655
1296,0.48639968040713966
1297,0.9948194268765309
1298,0.9246034453364657
1299,0.1340112271980535
1300,0.32748234294908435
1301,0.840596735846844
1302,0.9545242272016268
1303,0.5373546203950061
1304,0.245809840563183
1305,0.31893373423609195
1306,0.5386474619481847
1307,0.09342460197026718
1308,0.12949628937049057
1309,0.32492007362164793
1310,0.7731818727770009
1311,0.04935292972478677
1312,0.11692410662210473
1313,0.47244300472365175
1314,0.7027344320095861
1315,0.31401826826439877
1316,0.42374206226787126
1317,0.2307468094663983
1318,0.5593173312457669
1319,0.07606795058535339
1320,0.09560819925628943
1321,0.20932462539049745
1322,0.6175677931831868
1323,0.5418728399318746
1324,0.8828438131640473
1325,0.44359057410188313
1326,0.9108838876551154
1327,0.22597171371700359
1328,0.6119593369173161
1329,0.09886699096018321
1330,0.2819263949154559
1331,0.510763761224108
1332,0.3626567071449217
1333,0.1732784930918168
1334,0.6966088379530456
1335,0.9053470032415064
1336,0.19616948904543335
1337,0.24308957917981058
1338,0.16241795795548947
1339,0.825347053852445
1340,0.34718944880794406
1341,0.8342790558629458
1342,0.6575818606851639
1343,0.47373417841013404
1344,0.2905001317016826
1345,0.22971170373702351
1346,0.9269786880512669
1347,0.031203794927398148
1348,0.7702491573676002
1349,0.7304993533020755
1350,0.32726437922400137
1351,0.9649118944520038
1352,0.295394740256709
1353,0.08599722795962148
1354,0.9070410937314309
1355,0.11951413304227332
1356,0.04958415306961396
1357,0.6945100035995752
1358,0.8967112215302837
1359,0.3368329392390107
1360,0.32823540287853026
1361,0.45110356941192586
1362,0.9098541678881106
1363,0.8534148229250433
1364,0.8894091468869203
1365,0.1972315606879157
1366,0.6628091361837483
1367,0.14729371526035115
1368,0.8436611889165797
1369,0.23425619751032103
1370,0.5991679627559197
1371,0.6226188630733072
1372,0.5523422224881261
1373,0.27971266623399227
1374,0.1285961494920751
1375,0.38501240683160803
1376,0.08951432554974252
1377,0.5136306048202465
1378,0.2396198029742476
1379,0.9779805430621872
1380,0.5610896501182737
1381,0.9181562273720695
1382,0.23881496497117166
1383,0.9679783352266321
1384,0.7686960575847631
1385,0.2736235963738603
1386,0.18690910062437513
1387,0.7624075045701734
1388,0.17959358688388224
1389,0.0482203981355974
1390,0.17104751844981675
1391,0.38267949621866537
1392,0.45140409890608985
1393,0.33072738720396744
1394,0.3774503770234927
1395,0.4439248176807487
1396,0.17498527773615963
1397,0.9509048193583574
1398,0.38164537407734356
1399,0.6078340358132165
1400,0.2299520394433814
1401,0.7704730159853653
1402,0.4488625743662488
1403,0.8809941348218747
1404,0.9478326052083806
1405,0.9649542286621959
1406,0.8564825688710243
1407,0.014693488140063651
1408,0.02709331045440545
1409,0.44283778571112553
1410,0.8082989360028118
1411,0.20183620580222106
1412,0.4898099009332459
1413,0.34268961695423034
1414,0.9304983351570066
1415,0.8299291995291356
1416,0.9166230596972017
1417,0.47985044646820657
1418,0.43665978510977854
1419,0.33416215559367984
1420,0.4433451641709403
1421,0.6986254859582682
1422,0.40174067510889916
1423,0.5069750681086146
1424,0.939177662899369
1425,0.7457705382901982
1426,0.08572857160987826
1427,0.9119444839222857
1428,0.4115213684153261
1429,0.6145688599500629
1430,0.19174950273006738
1431,0.7521997804140043
1432,0.39107325238757085
1433,0.8602499990187314
1434,0.5254661880103296
1435,0.3727721999831751
1436,0.4173856527551951
1437,0.992595668400231
1438,0.08778240770326363
1439,0.7161351470428665
1440,0.5305571657574564
1441,0.2782707689047298
1442,0.971837847432236
1443,0.8721832230965151
1444,0.5886032393268457
1445,0.04360738140810081
1446,0.39835553381449545
1447,0.7375641430271579
1448,0.9222323930081464
1449,0.9794158430347263
1450,0.8951328529393537
1451,0.8482095210965348
1452,0.8419697259317487
1453,0.2066595256691619
1454,0.487407486803409
1455,0.6790160082956029
1456,0.42624310022093376
1457,0.2783102906170431
1458,0.5087270259366792
1459,0.47784328113016233
1460,0.7875732480082243
1461,0.8931877908124426
1462,0.3973315459566058
1463,0.34255889498571895
1464,0.5061820402295188
1465,0.8729459716045157
1466,0.8981844499200973
1467,0.8403151889311282
1468,0.01588737939175547
1469,0.5898140231505129
1470,0.3477114515812774
1471,0.20320320368178243
1472,0.2569437951500281
1473,0.2658084666522217
1474,0.6203314780896708
1475,0.34416087095707343
1476,0.4816503074134928
1477,0.36101412163992747
1478,0.3469796510847855
1479,0.9548962860627812
1480,0.3476896838668645
1481,0.01859668824235102
1482,0.9544967311945715
1483,0.07004124990442785
1484,0.10328536013200333
1485,0.3181942478531832
1486,0.24497684937326908
1487,0.7177555477185728
1488,0.9776381005658842
1489,0.3096288928130195
1490,0.4920534789015441
1491,0.4159028322731604
1492,0.18722792201107583
1493,0.9030620274861251
1494,0.6248474216275544
1495,0.13865398692620207
1496,0.7997920488907618
1497,0.3401089028399792
1498,0.0023606113290335195
1499,0.20663524339985376
1500,0.2562513467712299
1501,0.8612111272151015
1502,0.9430299323702815
1503,0.4325864166388123
1504,0.7182186922980142
1505,0.9220941873916447
1506,0.016598037395460008
1507,0.16872961704825343
1508,0.9062849084623604
1509,0.6201591259459831
1510,0.39529155994331666
1511,0.6979877434509514
1512,0.12546471528653622
1513,0.5037143128914523
1514,0.7677529414604066
1515,0.9793322818948675
1516,0.8151904666627819
1517,0.35726412374311356
1518,0.8859605112922891
1519,0.13309142369519666
1520,0.24925911801194708
1521,0.1994781909641635
1522,0.8348894137804548
1523,0.06365649842160012
1524,0.2839334490249747
1525,0.7745376688093732
1526,0.8881316162699712
1527,0.9132368340609898
1528,0.08573862953630816
1529,0.5498596621651541
1530,0.7146658746766776
1531,0.2762884274257029
1532,0.8161159836675755
1533,0.2809918326305364
1534,0.9354648795137565
1535,0.6463115091932751
1536,0.9691650974959818
1537,0.15937485966707296
1538,0.29842401530570956
1539,0.049825077602636665
1540,0.947526236076
1541,0.9742594789503628
1542,0.9154209688025374
1543,0.8408249862286544
1544,0.9005489934049112
1545,0.2136986142303523
1546,0.45618902546018475
1547,0.16048608106320641
1548,0.0421605284805156
1549,0.7318257545942854
1550,0.6833322999408789
1551,0.7562736212349064
1552,0.9186126844215461
1553,0.1868672304095848
1554,0.9170271093827583
1555,0.008493351900205604
1556,0.5242662930105494
1557,0.9789934500564321
1558,0.6136395843548154
1559,0.11563953817057472
1560,0.9628168497691113
1561,0.9018408334996401
1562,0.9231868172056691
1563,0.07751971371318493
1564,0.4690739531865972
1565,0.519439791710763
1566,0.9436403587034211
1567,0.43584661374765754
1568,0.4291220566705786
1569,0.11693886303863543
1570,0.7630139983884818
1571,0.9318250880942587
1572,0.9140367506646488
1573,0.8176126875284964
1574,0.7171744127020309
1575,0.012918174979586274
1576,0.7603137948762131
1577,0.45860743834922035
1578,0.9038018483195526
1579,0.7177240106576512
1580,0.04563572422850724
1581,0.5660485143580518
1582,0.7802650314567806
1583,0.9151896247525819
1584,0.8746290359546166
1585,0.37508010361748434
1586,0.9534749095890176
1587,0.4300478330936482
1588,0.7521730435976774
1589,0.8054273441667015
1590,0.03290891017813202
1591,0.844817889613952
1592,0.8150538824506136
1593,0.4804318730259633
1594,0.7781954103162074
1595,0.9050396272688757
1596,0.9714402772062525
1597,0.14730446118882617
1598,0.7157836755232618
1599,0.11625005343534497
1600,0.03901499069447999
1601,0.08777268759476212
1602,0.8672020408896419
1603,0.045649355496371814
1604,0.057486824152530994
1605,0.8303771943564423
1606,0.4716808836438776
1607,0.698948663595103
1608,0.9253622152057669
1609,0.13818085024072738
1610,0.09269055101394501
1611,0.9659629002314778
1612,0.7598897991300867
1613,0.9206807578655283
1614,0.13396997641553857
1615,0.6910525142526935
1616,0.2637735945125642
1617,0.30053464966069615
1618,0.6166252170832351
1619,0.6420738257724313
1620,0.8596471123554145
1621,0.7488001789344939
1622,0.7581343131918407
1623,0.8785164478944457
1624,0.1913172563084709
1625,0.16236921574006288
1626,0.9594725258712267
1627,0.8572298311830816
1628,0.46661242148452503
1629,0.2406892499936143
1630,0.9191156842506117
1631,0.7965466470291815
1632,0.9374198014736048
1633,0.11648900526861795
1634,0.1938767740452594
1635,0.20103726555625528
1636,0.5969735276711421
1637,0.42648509295105325
1638,0.9173154629562886
1639,0.800705833203574
1640,0.8965541096222555
1641,0.451594177046247
1642,0.06642115441009623
1643,0.012939219510680932
1644,0.9368728059792147
1645,0.8368436492012649
1646,0.5653109257429648
1647,0.1779565576979911
1648,0.6907827526266005
1649,0.020272974534946038
1650,0.9522288825849184
1651,0.24895282977609312
1652,0.8534920674493964
1653,0.6653474576621743
1654,0.34105620571615247
1655,0.9812908920696392
1656,0.28609791915968535
1657,0.7963050188000869
1658,0.8801424010492858
1659,0.5653371813433341
1660,0.9911858821027592
1661,0.318129697457111
1662,0.6138880142176824
1663,0.7427162060705615
1664,0.02018705883788264
1665,0.47244300472365175
1666,0.5427823810476198
1667,0.932571128639152
1668,0.7625317022358885
1669,0.5620261023909704
1670,0.5456378597166469
1671,0.9573041444881982
1672,0.711871866160828
1673,0.6940170637185558
1674,0.706713779519749
1675,0.7788118651994632
1676,0.9782359752961447
1677,0.3055634434507159
1678,0.8332877774799268
1679,0.06867244299702749
1680,0.4820469133106346
1681,0.7474484176233168
1682,0.8211931735238982
1683,0.11927199660717523
1684,0.7911452227023551
1685,0.6279929540086081
1686,0.2809964410976091
1687,0.1113345058574137
1688,0.8928040542823298
1689,0.9286266862841551
1690,0.33155999917997825
1691,0.0023606113290335195
1692,0.320179205152363
1693,0.4073764819734575
1694,0.8265156674282321
1695,0.30492829653701137
1696,0.41593386700687135
1697,0.9778980830924657
1698,0.5700682435462029
1699,0.23066409099986934
1700,0.7076095049522809
1701,0.7039621440871701
1702,0.8071763143654522
1703,0.7606779729311149
1704,0.49375220560781335
1705,0.18045451277436828
1706,0.06740504318627774
1707,0.4464645914320898
1708,0.24419953549803106
1709,0.7400630892416882
1710,0.07746296416995324
1711,0.9496334508108325
1712,0.1320395478525109
1713,0.26843337061330824
1714,0.8607336290800502
1715,0.8224294268593101
1716,0.9533035025145573
1717,0.6389796325997589
1718,0.08678262534463754
1719,0.21002537378857236
1720,0.1347717582875775
1721,0.4554894539269128
1722,0.8028949772572002
1723,0.21710868742934747
1724,0.4088725618126484
1725,0.4499844592757658
1726,0.6848306656625479
1727,0.32444017779851564
1728,0.05442612816326237
1729,0.31876096590402636
1730,0.8044559255045349
1731,0.911575734484069
1732,0.5951690181645604
1733,0.1092457821658034
1734,0.2638243518494115
1735,0.5659675197882531
1736,0.053578413593932596
1737,0.6099924435661306
1738,0.697464008588423
1739,0.957508667034762
1740,0.828722824548917
1741,0.13048607233651752
1742,0.9169904108172853
1743,0.6182589546573717
1744,0.9670360842000448
1745,0.5338530423294021
1746,0.8128767387626346
1747,0.3811297253358212
1748,0.7058379169244514
1749,0.402023332558584
1750,0.21813371276132876
1751,0.9018723594769511
1752,0.26822386362107925
1753,0.5230637824611996
1754,0.8225825410027113
1755,0.10143781506824653
1756,0.47244300472365175
1757,0.07870155416824065
1758,0.8537212770477713
1759,0.8491948291444034
1760,0.7677815934596506
1761,0.12609184855872083
1762,0.7060504061275908
1763,0.15074530865178024
1764,0.14817678427819503
1765,0.7120587194064397
1766,0.9307988332380003
1767,0.804650451791972
1768,0.2681068020664358
1769,0.5724542688400834
1770,0.331924822788176
1771,0.810366366095276
1772,0.8740394249698734
1773,0.05373497690910315
1774,0.8929949232298783
1775,0.19308360232331162
1776,0.625556526427408
1777,0.12862300848924024
1778,0.5083230240352522
1779,0.33639508503900856
1780,0.6788674171936273
1781,0.7106101688831162
1782,0.6034118557657505
1783,0.07647498749414347
1784,0.3146856853048657
1785,0.47244300472365175
1786,0.2807738967714198
1787,0.06952498389195168
1788,0.645645794758849
1789,0.9346823340481056
1790,0.7881986400683889
1791,0.7383975774505327
1792,0.9743603246554163
1793,0.8483169011733253
1794,0.43046012103388254
1795,0.7852644676145106
1796,0.2937082405369382
1797,0.05979350957858083
1798,0.053242522455515674
1799,0.4598099313495037
1800,0.18567854461629285
1801,0.2512327974309649
1802,0.5101312452890082
1803,0.13260534118945533
1804,0.9036840841534439
1805,0.9850752761531931
1806,0.9347127817655433
1807,0.22935274217916995
1808,0.21085168031654053
1809,0.7477030343689337
1810,0.16779062567320555
1811,0.6516923793263647
1812,0.471993325037812
1813,0.243217171182427
1814,0.37299654674462074
1815,0.9251176542651546
1816,0.9419178074844945
1817,0.9796956713378825
1818,0.7945811865700826
1819,0.6795914195607539
1820,0.13330941006329794
1821,0.22778451285689666
1822,0.9933477720321543
1823,0.7381784963531964
1824,0.6392780606951634
1825,0.6621886150716912
1826,0.9651775510130052
1827,0.13263143795989762
1828,0.8974669869172133
1829,0.6139851589924945
1830,0.7554560795084023
1831,0.6842284218367213
1832,0.6512846014208298
1833,0.08794615832973234
1834,0.9333012758689173
1835,0.23237510906984712
1836,0.18034592154988524
1837,0.5092637832164146
1838,0.17393149698123864
1839,0.3696968957800808
1840,0.7296073805944051
1841,0.7554860207282482
1842,0.6633717296534093
1843,0.41874630269964797
1844,0.33810349156101316
1845,0.6822418460656842
1846,0.9927874579418932
1847,0.47244300472365175
1848,0.22030291764527588
1849,0.8101935291673995
1850,0.6586340645851474
1851,0.1749973899977541
1852,0.12331006775626005
1853,0.13141493116110722
1854,0.4817274077840109
1855,0.45642880637029504
1856,0.573238163627128
1857,0.9306770322273058
1858,0.6504845380010023
1859,0.3959770372342959
1860,0.7869575376060172
1861,0.4997898877106571
1862,0.24130119355494967
1863,0.22663759305958103
1864,0.15510266763192287
1865,0.1308286302161486
1866,0.914266215045476
1867,0.40428483958515327
1868,0.8061437801935692
1869,0.3506384441931102
1870,0.9146665964730738
1871,0.8350318734376085
1872,0.18566425616625262
1873,0.9258923247797045
1874,0.11323094071285512
1875,0.3511553963276837
1876,0.7649252850045011
1877,0.9183122565173272
1878,0.9180227352860645
1879,0.32615078853672846
1880,0.8050128403523513
1881,0.3582680835097506
1882,0.0934650046465766
1883,0.9208360994082734
1884,0.5567325506611437
1885,0.7482546265098271
1886,0.880443349771635
1887,0.9399523456794159
1888,0.5613795560274376
1889,0.9758468332269544
1890,0.19566634544788417
1891,0.4964630917901097
1892,0.3846608813901426
1893,0.9715948457247942
1894,0.1818355785390112
1895,0.92974513508609
1896,0.7146191030103807
1897,0.9407019294745248
1898,0.8863474603703627
1899,0.34324305530537746
1900,0.6928278607746045
1901,0.9888781496769081
1902,0.2656636994382583
1903,0.4466182408357974
1904,0.7020580033780627
1905,0.6605509859145154
1906,0.3362550560453259
1907,0.3632712183998948
1908,0.4224541467551921
1909,0.8154138035121252
1910,0.8658934998185701
1911,0.14300892440140564
1912,0.7397335574584528
1913,0.06311166637311083
1914,0.8192683469002984
1915,0.05836631944199659
1916,0.4398518871281897
1917,0.7951627546488148
1918,0.25121013988422364
1919,0.12066766052701464
1920,0.7199100291614995
1921,0.9835216868265755
1922,0.9672385220658356
1923,0.6592172381255589
1924,0.45317901895736545
1925,0.29173061833943525
1926,0.8720000952243359
1927,0.8777164903313024
1928,0.3882262327919415
1929,0.5038138037937622
1930,0.8736956419737073
1931,0.018799034444895356
1932,0.013813500750919893
1933,0.3685588115988661
1934,0.9938504069000591
1935,0.9285184407353059
1936,0.21872232349101117
1937,0.8052532531633195
1938,0.624315385989691
1939,0.3403749209789648
1940,0.34233150368697557
1941,0.31159789212551225
1942,0.18682696036233165
1943,0.5124552804787795
1944,0.7494588254453731
1945,0.8359551171028934
1946,0.7958664731360153
1947,0.8945286539731421
1948,0.5235624292989631
1949,0.9286625023961245
1950,0.47234475539430854
1951,0.916973421734888
1952,0.09068193649713739
1953,0.4439248176807487
1954,0.07833790610660904
1955,0.47287477541134054
1956,0.9872589211161712
1957,0.7382618979854935
1958,0.49381050043855973
1959,0.3695373986510691
1960,0.8681453360547041
1961,0.4943596754054809
1962,0.9040980947862743
1963,0.7124513678176368
1964,0.6851336646050836
1965,0.9122914377878584
1966,0.6699550494049844
1967,0.2710016869032304
1968,0.30177516020694006
1969,0.2511331777267089
1970,0.8572658093283264
1971,0.9632303359297943
1972,0.5183540051365271
1973,0.2742289576135448
1974,0.711438135003658
1975,0.7448722499298649
1976,0.3726978159839429
1977,0.20188208943591968
1978,0.08319870712633165
1979,0.6492002544259824
1980,0.5731668434023458
1981,0.6688473428632433
1982,0.5790662010108786
1983,0.1460724484962666
1984,0.05487381953974366
1985,0.2534137678254893
1986,0.34730439978245375
1987,0.9719282752828388
1988,0.19628125440132616
1989,0.9576301869182955
1990,0.8719336484734738
1991,0.8251274185188356
1992,0.3776754598754745
1993,0.872942137766322
1994,0.33371252572764015
1995,0.31666472894510383
1996,0.5183158696821812
1997,0.09025206160282331
1998,0.7765516345464796
1999,0.27249902809619525
2000,0.31570428352459257
2001,0.44927352832572415
2002,0.7172649508799579
2003,0.11529038753319536
2004,0.3254000955558748
2005,0.8465293013395071
2006,0.9709106192164366
2007,0.7471905603010163
2008,0.37993013768557743
2009,0.8089373204951751
2010,0.7054811957940389
2011,0.49521645593960784
2012,0.3014025568291431
2013,0.231844831741382
2014,0.4954831717973853
2015,0.8113807341351531
2016,0.340316932752321
2017,0.6545068383376867
2018,0.7074044598332798
2019,0.968684757732138
2020,0.94647939700922
2021,0.45301605211265267
2022,0.5144221394866038
2023,0.08804343346066627
2024,0.8320567271968294
2025,0.8327683260868202
2026,0.33934771159707283
2027,0.061265330452427706
2028,0.993373916710458
2029,0.7478501259109173
2030,0.5603481908637831
2031,0.13353638699402245
2032,0.7811375624965244
2033,0.21634794645330466
2034,0.17888915506086558
2035,0.14394094159869952
2036,0.2805479718705708
2037,0.8997966591804544
2038,0.5998270651888656
2039,0.44312687830776704
2040,0.24500934710799757
2041,0.4598000565814339
2042,0.21625661231828297
2043,0.9355687961099499
2044,0.1753671269846909
2045,0.8599157918145247
2046,0.22566390040305193
2047,0.24288883545043052
2048,0.7911064398577026
2049,0.7661536119477828
2050,0.13724591107539674
2051,0.8695694457358302
2052,0.9565987290775451
2053,0.972833303500114
2054,0.964735279792656
2055,0.3515324205692278
2056,0.605407111936764
2057,0.95750786053871
2058,0.6778580859892569
2059,0.8760834849547477
2060,0.14219390541895333
2061,0.5030409405752596
2062,0.4568072521885321
2063,0.9862712140872614
2064,0.5331537197744924
2065,0.27774297118181057
2066,0.45017860465496284
2067,0.593646587391253
2068,0.7529204060624023
2069,0.7030111017965933
2070,0.6148759550768548
2071,0.6922676078622285
2072,0.8676929581490914
2073,0.27482949074622803
2074,0.36042487486363695
2075,0.988623904687163
2076,0.1411113217758992
2077,0.9780172774352147
2078,0.7439344353353357
2079,0.9640411878871236
2080,0.3775395090996065
2081,0.42675043006029606
2082,0.11977945965155291
2083,0.1200835561797338
2084,0.6707339515934273
2085,0.7032520681948893
2086,0.6356519691542084
2087,0.9904499358307416
2088,0.19378329890580825
2089,0.7625388070266587
2090,0.2743123590704653
2091,0.7892791445090702
2092,0.24504919391294405
2093,0.5338780109097352
2094,0.0023606113290335195
2095,0.9051692911723167
2096,0.1933796465666513
2097,0.6415224064029118
2098,0.4040507362828561
2099,0.44217416384154756
2100,0.5429806831400982
2101,0.9707895770878513
2102,0.877035071795094
2103,0.3227401573452025
2104,0.7892511113817071
2105,0.212901723336848
2106,0.5871920641747393
2107,0.37033816324971247
2108,0.6789610248709314
2109,0.08643694425907741
2110,0.8619299679758649
2111,0.056235930977875014
2112,0.7045777232377586
2113,0.9594791867261181
2114,0.9715948457247942
2115,0.9248496588796906
2116,0.32536520619730447
2117,0.8661162864006805
2118,0.3872640260395423
2119,0.9608174457460287
2120,0.7410822439215555
2121,0.9512359547833149
2122,0.9045000672195623
2123,0.038999171255305345
2124,0.027094623136133693
2125,0.07948646874965734
2126,0.1981195384006409
2127,0.6633677407040708
2128,0.18856958917258773
2129,0.535841874719496
2130,0.8737280642534065
2131,0.4167891484061066
2132,0.1615617411623908
2133,0.23462458332764116
2134,0.3452154288356267
2135,0.9568338807391764
2136,0.6084964330002062
2137,0.5025415942536663
2138,0.055846791576336895
2139,0.3372766750418112
2140,0.9886684230324027
2141,0.29148319557046176
2142,0.962700204138722
2143,0.5816742933017173
2144,0.7770470052200056
2145,0.8846241741320294
2146,0.07445387250397086
2147,0.31532238934732876
2148,0.8496598272352083
2149,0.2561616244489483
2150,0.9562931537999211
2151,0.44381456362800664
2152,0.7759293186974994
2153,0.8933674747147856
2154,0.5241446119639495
2155,0.517303570261118
2156,0.6808746275904545
2157,0.2307011855542505
2158,0.24826616480178731
2159,0.288784659336645
2160,0.97167929541135
2161,0.1993117854681649
2162,0.3605810167703962
2163,0.6081952000574319
2164,0.6976756226732156
2165,0.8408249862286544
2166,0.2534691468361782
2167,0.8448274357600734
2168,0.009077191205358732
2169,0.7147583212437575
2170,0.4064626192714466
2171,0.1582234066425692
2172,0.764084075583713
2173,0.283596091485398
2174,0.5439777753973859
2175,0.9329768619390266
2176,0.14669038732318587
2177,0.5198837439284999
2178,0.08653467839523049
2179,0.137216914878349
2180,0.8605861774437216
2181,0.517003833393243
2182,0.3238076324869103
2183,0.6193491493667113
2184,0.42653262373499307
2185,0.0023606113290335195
2186,0.408827940927324
2187,0.6074293853937222
2188,0.7682931333822909
2189,0.4746881002785537
2190,0.42174603236412556
2191,0.7442459990367283
2192,0.8414477788952495
2193,0.7392619039853175
2194,0.742324067693757
2195,0.36027649338148154
2196,0.1827531399526029
2197,0.8095305831028449
2198,0.04232213949875856
2199,0.18143021580037103
2200,0.842501453456168
2201,0.30540425534995136
2202,0.7587888115252261
2203,0.7165792569541611
2204,0.3875242780915169
2205,0.2566442178744616
2206,0.8453414654912198
2207,0.8798142757606198
2208,0.8032422944131598
2209,0.9332901004080051
2210,0.036413585875555876
2211,0.1606002209230172
2212,0.9129790063994574
2213,0.9112375709553912
2214,0.7899737168431129
2215,0.049276533503215286
2216,0.940122535958493
2217,0.9208507904040274
2218,0.955343322319833
2219,0.31992327750373173
2220,0.6571505483407087
2221,0.027294813389285504
2222,0.122308000392482
2223,0.9114014264418218
2224,0.8741012867943839
2225,0.6348660587551043
2226,0.24603403726069886
2227,0.757162737037591
2228,0.8881312687618274
2229,0.7142190066435854
2230,0.8211115760446468
2231,0.21982985241647265
2232,0.637454268085608
2233,0.20165762613680996
2234,0.5544895577325264
2235,0.520486576960686
2236,0.1429659295499555
2237,0.993373916710458
2238,0.8017228972201355
2239,0.1589818117735565
2240,0.028003519263730115
2241,0.46397207081084596
2242,0.132414887236599
2243,0.15541928646649686
2244,0.5971224983527023
2245,0.5186999981769365
2246,0.19704541357968094
2247,0.9055508540440732
2248,0.10870209860612351
2249,0.47244300472365175
2250,0.05084952413994234
2251,0.15561590123526822
2252,0.7760284287718141
2253,0.9917364664557349
2254,0.7584113372905872
2255,0.2762959582437575
2256,0.244695097994556
2257,0.12047514104389181
2258,0.16131725180238166
2259,0.5411322523712634
2260,0.36685284688132413
2261,0.9368017888984362
2262,0.1397867341056272
2263,0.1578571803946196
2264,0.1693072254001852
2265,0.08718944665082123
2266,0.5677311624507486
2267,0.4114275063870718
2268,0.585779159483858
2269,0.2820287839893106
2270,0.9465944916174023
2271,0.13144329398475602
2272,0.06056551959441331
2273,0.6461445403168594
2274,0.2560272847970357
2275,0.17748187489240858
2276,0.7783023059731299
2277,0.8807842845797651
2278,0.7236217699704776
2279,0.20841137232677717
2280,0.6278496780544983
2281,0.537263253000649
2282,0.38931040110408077
2283,0.3834502635886534
2284,0.4931258625827869
2285,0.6523769962774086
2286,0.14414077657447313
2287,0.9629682040478136
2288,0.9114315509030884
2289,0.039117723302500775
2290,0.40018318412531523
2291,0.2834124343641823
2292,0.5671367614222937
2293,0.47244300472365175
2294,0.04261939427379007
2295,0.628747309752909
2296,0.19556773796145072
2297,0.2120959349217625
2298,0.4899445654141868
2299,0.6681802949608437
2300,0.6781038109639227
2301,0.9212979592611489
2302,0.45243789325025574
2303,0.12486143961093936
2304,0.2674353346002155
2305,0.34973890566672483
2306,0.8930211364805117
2307,0.8086740397116158
2308,0.7963050188000869
2309,0.24866097277215923
2310,0.4408869724784443
2311,0.18282300285027483
2312,0.14886945363423315
2313,0.5926213029639101
2314,0.05823967634523535
2315,0.32188354461211455
2316,0.10104922366578656
2317,0.150628736182969
2318,0.38192509075610714
2319,0.3695198165128362
2320,0.5296301221448765
2321,0.7811527359956351
2322,0.4034789577558153
2323,0.34972825837214344
2324,0.5026737088776506
2325,0.6496536956425458
2326,0.8625685155064973
2327,0.6637792347690211
2328,0.5525566413504776
2329,0.43483129960495354
2330,0.574911834711774
2331,0.8630781551000092
2332,0.9423655624641776
2333,0.03947954026307336
2334,0.9697170448673393
2335,0.8507075585008399
2336,0.14568044756016468
2337,0.8602820000721473
2338,0.6887494256679539
2339,0.2662376895389812
2340,0.5584053357752116
2341,0.499794540481252
2342,0.8679263402218196
2343,0.4341900201475533
2344,0.3524636604996695
2345,0.19650937362665516
2346,0.6150886291420335
2347,0.05211000464987428
2348,0.8924112612326265
2349,0.7126039990728873
2350,0.7504409909798598
2351,0.666461712661918
2352,0.1310272922787348
2353,0.6116862070923453
2354,0.7007599488118073
2355,0.7701384377546773
2356,0.9808843089156952
2357,0.8462947943269155
2358,0.8268577591058567
2359,0.5856030376328707
2360,0.2921028932902591
2361,0.30691246036924597
2362,0.3758145351739475
2363,0.9319608664702732
2364,0.6162646896108772
2365,0.4725416525930573
2366,0.23981809224034142
2367,0.4735168082498469
2368,0.9799787314390841
2369,0.770369575851462
2370,0.8989535958556873
2371,0.7135664693034346
2372,0.2940846353243538
2373,0.43672526579684323
2374,0.33611648844459413
2375,0.30026628033550967
2376,0.3661715028537322
2377,0.7617799532676556
2378,0.38340550016461605
2379,0.9357059809412644
2380,0.31487764311095473
2381,0.6985079017553227
2382,0.7145182060998763
2383,0.07609906586619322
2384,0.173977762196255
2385,0.6817478812629295
2386,0.29749359703421907
2387,0.5985884652672968
2388,0.2770268064565871
2389,0.9134491166881766
2390,0.05038268602107869
2391,0.5705065163055818
2392,0.7782281565726662
2393,0.33658835258252484
2394,0.3029699384183747
2395,0.7926211472272461
2396,0.6367539727845453
2397,0.3495012982997554
2398,0.7734321978768127
2399,0.9721896169216829
2400,0.9530086347628918
2401,0.5278460346063125
2402,0.09319765831141939
2403,0.15569606085064028
2404,0.4423043766274816
2405,0.7908843715972037
2406,0.4756317538769955
2407,0.2556980275388646
2408,0.4590031154690356
2409,0.9049406744569486
2410,0.07153032085790291
2411,0.5909050550744966
2412,0.9090980448804167
2413,0.8345830524026134
2414,0.1456362591655844
2415,0.9055675683106349
2416,0.867035657250481
2417,0.0031768722349134445
2418,0.8622927171787879
2419,0.2585122422775188
2420,0.38777464316691157
2421,0.38382565706588306
2422,0.9288859855530547
2423,0.5079746972373052
2424,0.13628911208660852
2425,0.5162400058395284
2426,0.098284353103169
2427,0.630747237738313
2428,0.8988184621822303
2429,0.8790499327273589
2430,0.2516906746053681
2431,0.43612812013707075
2432,0.8440635122652362
2433,0.7347669643991495
2434,0.2870427364148058
2435,0.04055661710437606
2436,0.5395624577850477
2437,0.5597796898765359
2438,0.4829466153576805
2439,0.6039686990422395
2440,0.7356985901681427
2441,0.7740913487672489
2442,0.06792308408267966
2443,0.8605119483164941
2444,0.47220612679482277
2445,0.6785882774614513
2446,0.7368487335847175
2447,0.8374497061567169
2448,0.6051277523859169
2449,0.6489087556474458
2450,0.6434918569835677
2451,0.11660500214307612
2452,0.9960161970793137
2453,0.7943060016311159
2454,0.8034575694515445
2455,0.3204284167252997
2456,0.35055620912125507
2457,0.15912051295639626
2458,0.6788465320182182
2459,0.8881636522436944
2460,0.42941829477594057
2461,0.898413402190022
2462,0.09809107826507035
2463,0.12637124970042826
2464,0.2163229239939605
2465,0.583580111357335
2466,0.019375282220738557
2467,0.09715897801293065
2468,0.0681094603416586
2469,0.4595796832251168
2470,0.6893164633829361
2471,0.4069874539939067
2472,0.6234648608423086
2473,0.8656532864679276
2474,0.7803997667851249
2475,0.16970539907561324
2476,0.5825361158641617
2477,0.7585671842752137
2478,0.0858464767966042
2479,0.24044711943848338
2480,0.9449156557771126
2481,0.9395909034177314
2482,0.31125889218249086
2483,0.5787635296178996
2484,0.9073663257716601
2485,0.09781946982450097
2486,0.4513952671460882
2487,0.6668868022464444
2488,0.588659656712818
2489,0.47244300472365175
2490,0.4985460064722236
2491,0.9155575704165821
2492,0.3822779820687347
2493,0.294085715601346
2494,0.36934615066687476
2495,0.0532029528510595
2496,0.6064553731979955
2497,0.6390357451074717
2498,0.3468091801277861
2499,0.6931072778563254
2500,0.8427438392145234
2501,0.12676273741737118
2502,0.9673366652580947
2503,0.816165570898997
2504,0.7309408527036935
2505,0.7756375628459183
2506,0.13079844634925614
2507,0.8638441461521913
2508,0.040664035992301416
2509,0.8164857173169451
2510,0.3983321463894492
2511,0.5969332701188595
2512,0.9436351622700848
2513,0.21937055851306456
2514,0.5722909293067203
2515,0.984513579659456
2516,0.3019489817285421
2517,0.8176722886532238
2518,0.12185073232261497
2519,0.44548027942984497
2520,0.8127774685017534
2521,0.2538811846526082
2522,0.5486709074424817
2523,0.9059848128267463
2524,0.6861195032207945
2525,0.029653611379134266
2526,0.8740599867957924
2527,0.9114668332986464
2528,0.5102127006276967
2529,0.3198124236319439
2530,0.567661242340104
2531,0.18778242160219305
2532,0.20700371951112945
2533,0.15173552109775104
2534,0.9236385990581599
2535,0.2645627048620723
2536,0.9037970950027072
2537,0.8934459287551878
2538,0.6161242884800658
2539,0.9443769499352704
2540,0.7539223563442733
2541,0.8299131497806651
2542,0.6483622685110548
2543,0.6678243375365793
2544,0.2814732493675424
2545,0.9631614235588078
2546,0.16514896559295061
2547,0.560231450686454
2548,0.643793703360779
2549,0.34531514109301886
2550,0.9246417095915256
2551,0.06365063620028205
2552,0.5352699489782171
2553,0.875052867762984
2554,0.7011507427675047
2555,0.8585843889263296
2556,0.08407326181691972
2557,0.2830078034511467
2558,0.9846144482510281
2559,0.128556823206996
2560,0.9482592896074049
2561,0.18696109871816957
2562,0.14958305501778224
2563,0.0479568824861037
2564,0.2175176809549462
2565,0.13434363671217803
2566,0.9030620274861251
2567,0.933597410645991
2568,0.5559539581418538
2569,0.5145345941654881
2570,0.6650565548919168
2571,0.9342825693372024
2572,0.9632517436528469
2573,0.20852063640114205
2574,0.17022078891337206
2575,0.9371640388376083
2576,0.18883826996879188
2577,0.30838808132054885
2578,0.6047909832166007
2579,0.2021138575563257
2580,0.10322703526363562
2581,0.9657067811579726
2582,0.952494596087826
2583,0.26067804772930764
2584,0.2991228744703324
2585,0.5741827121369767
2586,0.6473213808142672
2587,0.9395079559014946
2588,0.9566079385484867
2589,0.9545997127079194
2590,0.8574014409140251
2591,0.4303085243061435
2592,0.7926211472272461
2593,0.14668579433178447
2594,0.898910342534666
2595,0.05586485739825329
2596,0.9501147893790314
2597,0.9298546602852817
2598,0.5073368105561504
2599,0.026341787925098323
2600,0.15691059435206964
2601,0.884587579107763
2602,0.10020623695676013
2603,0.8607289344431592
2604,0.4741493239044259
2605,0.5155820437752529
2606,0.14264815429671435
2607,0.9119669721506782
2608,0.9910856746278774
2609,0.6880542640405166
2610,0.9609048431363771
2611,0.6325819884512484
2612,0.886566873172947
2613,0.12147225709306295
2614,0.4935442413705079
2615,0.19933349417930304
2616,0.25418032120500217
2617,0.34498483022321536
2618,0.7015640879742513
2619,0.7668274818966968
2620,0.06835170288119524
2621,0.14612528366085312
2622,0.44637077107677536
2623,0.325959792622732
2624,0.3817828148768873
2625,0.20800713424834208
2626,0.9357267073490996
2627,0.05267229901191705
2628,0.9530631282556822
2629,0.47103578314301325
2630,0.9359196195241194
2631,0.122706749832011
2632,0.5866435109132381
2633,0.9346933291346224
2634,0.6584721777037974
2635,0.7643582651522067
2636,0.15076408202618463
2637,0.31200888137932603
2638,0.1985478909757756
2639,0.20279251443381538
2640,0.5102353480420293
2641,0.8445891762749276
2642,0.7581302341094008
2643,0.4318247813386276
2644,0.5698874411439203
2645,0.8717781734872679
2646,0.2653746756225387
2647,0.06269692745164127
2648,0.14152103071396685
2649,0.9788027018404238
2650,0.971837847432236
2651,0.684399881064865
2652,0.36441691138999843
2653,0.993373916710458
2654,0.6336653098482214
2655,0.1701258566539218
2656,0.5623375367297881
2657,0.9566432382145277
2658,0.18802502757930034
2659,0.367378124672331
2660,0.8994397939935773
2661,0.014965815581863525
2662,0.9267686290001647
2663,0.438045295439768
2664,0.12774444392556497
2665,0.08796048779257845
2666,0.7384329969828064
2667,0.9199682954330602
2668,0.3075319072905094
2669,0.10030775497779892
2670,0.5302895209828198
2671,0.2108679289412421
2672,0.5076705506803767
2673,0.796207889246141
2674,0.13039482453827364
2675,0.8664487045017956
2676,0.06394144401963466
2677,0.5098184046029611
2678,0.6499629058294296
2679,0.2938447358065394
2680,0.273939876474481
2681,0.27579007008375295
2682,0.8811542197506863
2683,0.9412096911888778
2684,0.34639832906669793
2685,0.04160469323168851
2686,0.800609484742829
2687,0.8092748735611882
2688,0.12297820513917598
2689,0.5375539726406215
2690,0.4609948006842324
2691,0.4340896914794372
2692,0.7146460963829644
2693,0.8657677396096937
2694,0.56555462304991
2695,0.839874920286408
2696,0.8969540869405622
2697,0.06374718546101786
2698,0.3183469691043931
2699,0.7573830743358143
2700,0.23699802767413505
2701,0.5181564281994038
2702,0.47114095405062567
2703,0.8498924041446818
2704,0.11443324326787221
2705,0.26010759298055797
2706,0.9816880258032475
2707,0.12665044022449992
2708,0.05553298547301675
2709,0.09845395196792503
2710,0.8202222782065391
2711,0.09845418178691533
2712,0.06283684998083527
